,City,Country Code,Longitude,Latitude,Temperature,Wind Speed,Cloudiness
0,Hobart,AU,147.33,-42.88,55.4,5.82,75
1,Tiksi,RU,128.87,71.64,-17.6,6.87,0
2,Lyuban,BY,28.0,52.8,25.33,9.78,8
3,Tuktoyaktuk,CA,-133.03,69.44,-4.01,2.24,75
4,Butaritari,KI,172.79,3.07,81.76,12.35,76
5,Bluff,NZ,168.33,-46.6,58.54,26.11,48
6,Port Alfred,ZA,26.89,-33.59,75.15,15.03,0
7,Rikitea,PF,-134.97,-23.12,79.51,14.7,80
8,Ushuaia,AR,-68.31,-54.81,51.8,13.87,75
9,Dourbali,TD,15.86,11.81,84.87,9.55,0
10,Pevek,RU,170.27,69.7,-9.41,4.85,0
11,Constitucion,CL,-72.42,-35.33,62.82,12.91,0
12,Rodrigues Alves,BR,-72.65,-7.74,77.0,4.7,75
13,Bredasdorp,ZA,20.04,-34.53,64.4,11.41,56
14,Sitka,US,-99.65,37.17,50.49,13.13,76
15,Madimba,TZ,40.33,-10.4,80.82,4.52,76
16,Qaanaaq,GL,-69.36,77.48,-8.06,8.77,0
17,Kaitangata,NZ,169.85,-46.28,59.53,16.71,8
18,Dikson,RU,80.55,73.51,-12.47,18.05,8
19,Chokurdakh,RU,147.9,70.62,-6.62,6.53,64
20,Punta Arenas,CL,-70.91,-53.16,55.4,13.87,20
21,Tasiilaq,GL,-37.64,65.61,30.2,32.21,76
22,Saint-Francois,GP,-61.27,16.25,75.2,3.36,75
23,Bambous Virieux,MU,57.76,-20.34,75.2,5.82,20
24,Narsaq,GL,-46.05,60.91,24.8,2.24,40
25,Saint Marys,US,-78.56,41.43,34.39,6.93,90
26,Kapaa,US,-159.32,22.08,73.2,4.7,1
27,Pisco,PE,-76.2,-13.71,80.6,11.41,0
28,Meulaboh,ID,96.13,4.14,76.54,5.41,88
29,Vaini,TO,-175.2,-21.2,80.6,3.36,20
30,Fukue,JP,136.69,35.03,50.0,2.24,0
31,Xuddur,SO,43.89,4.12,77.85,11.9,0
32,Inta,RU,60.13,66.04,4.27,8.66,48
33,Khatanga,RU,102.47,71.98,-33.94,5.64,8
34,Itaituba,BR,-55.99,-4.26,91.4,5.82,20
35,Busselton,AU,115.35,-33.64,65.02,11.45,88
36,Barrow,US,-90.4,39.51,44.78,9.17,90
37,Petropavlovsk-Kamchatskiy,RU,158.65,53.05,15.8,6.71,68
38,Georgetown,SH,-14.42,-7.93,80.37,9.78,92
39,Port-Cartier,CA,-66.88,50.03,35.6,9.17,75
40,Albany,AU,117.88,-35.02,56.2,10.0,64
41,Cherskiy,RU,161.3,68.75,-5.36,2.73,48
42,Ahipara,NZ,173.16,-35.17,67.36,4.63,32
43,Yichang,CN,111.32,30.77,57.69,1.16,0
44,Rio Gallegos,AR,-69.22,-51.62,55.4,31.09,0
45,Port Elizabeth,ZA,25.57,-33.92,66.2,2.24,0
46,Bethel,US,-161.76,60.79,33.8,11.41,90
47,New Norfolk,AU,147.06,-42.78,55.4,5.82,75
48,Arraial do Cabo,BR,-42.02,-22.97,81.72,16.11,20
49,Aklavik,CA,-135.01,68.22,2.86,2.24,5
50,Avarua,CK,-159.78,-21.21,78.8,11.41,90
51,Nuuk,GL,-51.74,64.17,17.6,6.93,75
52,Atuona,PF,-139.03,-9.8,81.99,13.69,64
53,Longyearbyen,SJ,15.64,78.22,12.2,10.29,75
54,Upernavik,GL,-56.15,72.79,-4.73,6.42,20
55,Bambanglipuro,ID,110.28,-7.95,71.37,2.73,88
56,Meadow Lake,CA,-108.44,54.13,12.2,10.29,90
57,Carnarvon,AU,113.63,-24.87,77.67,23.2,0
58,Saskylakh,RU,114.09,71.97,-28.58,3.62,0
59,Ribeira Grande,PT,-28.7,38.52,66.2,3.36,75
60,Marienburg,SR,-55.04,5.88,84.2,9.17,40
61,Stornoway,GB,-6.39,58.21,41.0,13.87,88
62,Vostok,RU,135.83,46.45,44.1,6.98,12
63,Provideniya,RU,-173.23,64.42,22.54,3.96,76
64,Guerrero Negro,MX,-114.04,27.97,70.6,13.35,0
65,Lorengau,PG,147.27,-2.02,81.04,3.62,56
66,Port Hardy,CA,-127.42,50.7,44.6,6.93,75
67,Leningradskiy,RU,178.42,69.38,-0.01,3.74,48
68,Tessalit,ML,1.01,20.2,70.29,11.23,36
69,Ponta do Sol,CV,-25.09,17.2,69.12,14.58,0
70,Novonikolayevskiy,RU,42.37,50.97,34.87,9.66,92
71,Thompson,CA,-97.86,55.74,10.4,13.87,40
72,Pacific Grove,US,-121.92,36.62,64.8,4.74,1
73,East London,ZA,27.91,-33.02,76.14,23.2,0
74,Kodiak,US,-94.76,39.95,44.6,11.41,90
75,Sachin,IN,72.88,21.08,80.5,5.97,0
76,Sompeta,IN,84.6,18.93,70.51,4.41,0
77,Rabat,MA,-6.83,34.02,55.4,2.24,0
78,Aitape,PG,142.36,-3.15,78.84,1.39,92
79,Naze,JP,129.48,28.37,66.19,10.22,0
80,Lebu,CL,-73.65,-37.62,59.98,14.25,0
81,Nishihara,JP,139.53,35.74,52.47,3.36,1
82,Hithadhoo,MV,73.08,-0.6,84.28,7.43,76
83,Hermanus,ZA,19.24,-34.42,55.03,3.85,32
84,Mar del Plata,AR,-67.52,-46.43,65.92,20.29,64
85,Chilmari,BD,89.66,25.59,68.49,6.53,20
86,Port-Gentil,GA,8.78,-0.72,78.8,4.7,20
87,Gawler,AU,138.75,-34.6,68.0,10.29,75
88,Yellowknife,CA,-114.38,62.45,1.4,10.29,90
89,Grand Gaube,MU,57.66,-20.01,75.2,5.82,20
90,Husavik,IS,-17.34,66.04,35.6,10.29,75
91,Kruisfontein,ZA,24.73,-34.0,73.48,19.51,0
92,Lompoc,US,-120.46,34.64,66.18,5.82,1
93,Saldanha,ZA,17.94,-33.01,60.8,4.7,20
94,Miri,MY,114.01,4.41,75.2,1.12,75
95,Aljezur,PT,-8.8,37.31,59.17,11.23,0
96,Jamestown,SH,-5.72,-15.94,74.2,3.96,76
97,Ada,US,-85.49,42.95,44.89,11.41,90
98,Xichang,CN,102.25,27.88,44.95,0.94,92
99,Tome,CL,-72.95,-36.62,66.2,16.11,0
100,Ucluelet,CA,-125.55,48.94,50.0,17.22,75
101,La Ronge,CA,-105.3,55.1,8.6,11.41,75
102,Korla,CN,86.15,41.76,41.04,3.62,32
103,Sabalgarh,IN,77.41,26.25,66.69,6.64,0
104,Alyangula,AU,136.42,-13.85,81.99,5.19,36
105,Coruripe,BR,-36.18,-10.12,80.68,15.7,76
106,Svetlaya,RU,138.33,46.54,34.47,11.23,88
107,Geraldton,AU,114.6,-28.77,57.2,6.93,48
108,Waddan,LY,16.14,29.16,48.6,10.22,0
109,Rio Grande,BR,-52.1,-32.03,73.4,13.87,75
110,Anadyr,RU,177.51,64.73,-7.61,11.18,0
111,Ulladulla,AU,150.48,-35.36,51.8,1.12,20
112,Sioux Lookout,CA,-91.92,50.1,39.9,9.17,40
113,Charlestown,KN,-62.62,17.13,81.45,12.75,20
114,Lagoa,PT,-8.45,37.14,62.6,6.93,0
115,Saint-Denis,RE,55.47,-20.87,74.21,5.82,0
116,Ixtapa,MX,-105.21,20.71,82.21,3.06,0
117,Tala,EG,30.94,30.68,64.21,9.55,48
118,West Bay,KY,-81.42,19.37,82.4,21.92,40
119,Teahupoo,PF,-149.27,-17.83,87.8,16.11,75
120,Camargo,BO,-65.21,-20.64,56.7,4.07,56
121,Ossora,RU,163.07,59.24,11.79,3.96,76
122,Chuy,UY,-53.46,-33.69,69.25,12.68,56
123,Krasnyye Chetai,RU,46.16,55.69,24.07,12.91,92
124,Tilichiki,RU,166.1,60.47,-2.39,2.62,68
125,Hamilton,BM,-64.78,32.3,60.8,20.8,40
126,Sao Filipe,CV,-24.5,14.9,70.29,14.25,0
127,Portel,BR,-50.82,-1.94,83.29,4.41,48
128,Sur,OM,59.53,22.57,77.08,1.95,0
129,Makakilo City,US,-158.09,21.35,77.0,10.29,40
130,Salinopolis,BR,-47.36,-0.61,82.35,10.78,0
131,Waingapu,ID,120.26,-9.65,70.92,3.51,8
132,Carutapera,BR,-46.02,-1.2,81.13,7.09,8
133,Walvis Bay,NA,14.51,-22.95,65.56,7.43,20
134,Vardo,NO,31.11,70.37,20.01,11.41,75
135,Oytal,KZ,73.27,42.91,45.31,5.19,92
136,Urucui,BR,-44.56,-7.23,83.07,6.76,64
137,Lavrentiya,RU,-170.99,65.58,19.75,3.4,88
138,Mayo,CA,-135.9,63.59,10.4,3.74,5
139,Coquimbo,CL,-71.34,-29.95,60.8,13.87,75
140,Hammerfest,NO,23.68,70.66,27.88,14.99,40
141,Puerto Ayora,EC,-90.35,-0.74,84.2,13.87,20
142,Souillac,MU,57.52,-20.52,75.2,5.82,20
143,Torbay,CA,-52.73,47.66,44.6,8.05,75
144,Dickinson,US,-102.79,46.88,48.2,17.22,1
145,Port Hedland,AU,118.58,-20.31,80.6,5.82,0
146,Rundu,NA,19.77,-17.91,65.25,2.73,44
147,Deputatskiy,RU,139.9,69.3,-10.72,2.95,36
148,Durgapur,IN,87.34,23.54,66.64,3.96,0
149,Hilo,US,-155.08,19.71,70.38,5.82,1
150,Tacuarembo,UY,-55.98,-31.73,70.29,10.56,92
151,Kurilsk,RU,147.88,45.23,33.43,8.32,44
152,Banamba,ML,-7.45,13.55,80.05,7.65,20
153,College,US,-147.8,64.86,18.28,6.64,1
154,Artyom,AZ,50.33,40.47,44.6,4.7,0
155,Scarborough,TT,-60.73,11.18,82.4,13.87,40
156,Salalah,OM,54.1,17.01,80.6,3.36,0
157,Prince George,CA,-122.75,53.92,42.8,23.04,40
158,Victoria,SC,55.45,-4.62,80.6,3.36,0
159,Sorong,ID,131.25,-0.86,81.58,9.44,36
160,Daugai,LT,24.35,54.36,25.7,3.36,0
161,Aksarka,RU,67.8,66.56,-19.49,4.18,0
162,Yar-Sale,RU,70.83,66.83,-16.79,9.22,0
163,Kirakira,SB,161.92,-10.46,83.65,2.51,8
164,Saint-Philippe,RE,55.77,-21.36,74.35,6.93,0
165,Faanui,PF,-151.75,-16.48,82.93,17.83,80
166,Sola,VU,167.55,-13.88,82.93,1.72,24
167,Nikolskoye,RU,30.79,59.7,19.4,6.71,0
168,Mahebourg,MU,57.7,-20.41,75.2,5.82,20
169,Luderitz,NA,15.16,-26.65,64.4,8.05,0
170,Severo-Kurilsk,RU,156.12,50.68,29.47,11.79,88
171,Baracoa,CU,-74.5,20.35,74.2,15.26,100
172,Werda,BW,23.28,-25.27,70.65,12.12,36
173,Uglegorsk,RU,142.06,49.08,25.24,4.63,0
174,Moravska Trebova,CZ,16.66,49.76,32.0,3.36,0
175,Half Moon Bay,US,-122.43,37.46,68.81,8.05,40
176,Cabo San Lucas,MX,-109.91,22.89,76.23,11.41,40
177,Castro,CL,-73.76,-42.48,57.1,6.42,92
178,Talcahuano,CL,-73.12,-36.72,66.2,16.11,0
179,Maues,BR,-57.72,-3.38,87.97,3.18,24
180,Formosa do Rio Preto,BR,-45.19,-11.04,81.58,8.21,68
181,Adelaide,AU,138.6,-34.93,68.0,10.29,75
182,Kavaratti,IN,72.64,10.57,82.62,3.96,24
183,Cape Town,ZA,18.42,-33.93,60.8,9.17,40
184,Abu Dhabi,AE,54.37,24.47,75.2,1.12,0
185,Karasburg,NA,18.75,-28.01,80.05,7.99,76
186,Khandyga,RU,135.58,62.65,16.78,8.77,80
187,Masuda,JP,131.85,34.68,48.2,5.82,5
188,Sao Joao da Barra,BR,-41.05,-21.64,82.4,16.11,0
189,Lewistown,US,-90.15,40.39,44.13,13.87,90
190,Whitefish,US,-114.33,48.41,44.6,12.75,90
191,Kangaatsiaq,GL,-53.46,68.31,2.65,1.95,32
192,Dingle,IE,-10.27,52.14,45.0,9.78,88
193,Paamiut,GL,-49.67,61.99,23.26,9.22,44
194,Clyde River,CA,-68.59,70.47,-2.21,4.97,75
195,Kasaragod,IN,75.0,12.5,80.6,4.7,20
196,Tual,ID,132.75,-5.67,81.67,13.02,88
197,Kavieng,PG,150.8,-2.57,81.31,8.77,88
198,Alofi,NU,-169.92,-19.06,75.2,4.7,75
199,Khunti,IN,85.28,23.08,64.93,6.53,0
200,Rocha,UY,-54.34,-34.48,68.8,9.55,8
201,Simoes,BR,-40.82,-7.6,82.66,12.12,64
202,Odiongan,PH,121.99,12.4,78.52,14.03,12
203,Shingu,JP,135.99,33.72,58.36,3.62,0
204,Kingaroy,AU,151.84,-26.54,68.44,15.48,8
205,Cabra,PH,120.05,13.89,79.15,16.71,8
206,Roma,AU,148.79,-26.57,66.37,4.52,0
207,Marrakesh,MA,-7.99,31.63,71.6,2.24,0
208,Nancha,CN,129.26,47.14,42.52,12.68,80
209,Aripuana,BR,-60.63,-9.17,81.58,2.51,68
210,Garden City,US,-101.48,31.86,66.25,11.41,1
211,Marsa Matruh,EG,27.25,31.35,62.6,8.05,0
212,Qandala,SO,49.87,11.47,65.02,1.5,0
213,Palmer,US,-149.11,61.6,28.44,3.36,75
214,Karratha,AU,116.85,-20.74,78.12,4.29,0
215,Esperance,AU,121.89,-33.86,47.79,2.73,0
216,Lazaro Cardenas,MX,-105.62,28.39,75.2,23.04,75
217,Esik,KZ,77.47,43.36,42.8,4.47,90
218,Chumikan,RU,135.31,54.72,16.15,4.63,36
219,Boca do Acre,BR,-67.39,-8.76,80.37,2.62,44
220,Saint Lawrence,MT,14.2,36.06,53.6,12.75,20
221,Margate,ZA,30.37,-30.86,74.52,17.6,0
222,Pangody,RU,74.49,65.85,-15.08,15.14,24
223,Sulangan,PH,123.72,11.14,80.55,14.81,76
224,Labuan,MY,115.2,5.33,77.0,5.19,75
225,Bintulu,MY,113.03,3.17,77.0,3.36,75
226,Port Blair,IN,92.75,11.67,82.66,6.31,12
227,Mount Gambier,AU,140.78,-37.83,62.86,6.2,0
228,Ilulissat,GL,-51.1,69.22,-0.41,1.83,20
229,Kuusamo,FI,29.19,65.96,17.6,6.93,20
230,Kingsville,US,-97.86,27.52,82.71,18.34,75
231,Tawau,MY,117.89,4.26,74.7,3.29,64
232,Batemans Bay,AU,150.18,-35.71,58.09,5.53,12
233,Yulara,AU,130.99,-25.24,62.6,5.82,0
234,Progreso,MX,-99.19,20.25,77.22,2.73,20
235,Namibe,AO,12.15,-15.19,78.52,13.91,100
236,Berlevag,NO,29.09,70.86,23.74,11.41,75
237,Cidreira,BR,-50.22,-30.17,70.33,13.8,92
238,Saint George,BM,-64.68,32.38,60.8,20.8,40
239,Mananjary,MG,46.8,-19.16,54.99,2.95,0
240,Cabedelo,BR,-34.84,-6.97,82.4,13.87,20
241,Buturlino,RU,44.9,55.57,24.12,12.24,92
242,Saint-Joseph,RE,55.62,-21.37,74.37,6.93,0
243,Fort Wellington,GY,-57.6,6.4,77.94,12.8,88
244,Lishu,CN,124.32,43.31,50.35,12.46,36
245,Norman Wells,CA,-126.83,65.28,-5.81,4.7,40
246,Shuyskoye,RU,41.03,59.37,11.83,2.84,32
247,Tateyama,JP,137.31,36.66,31.05,2.06,0
248,Hirado,JP,129.49,33.32,56.83,3.85,0
249,Pechenga,RU,41.46,58.89,2.25,2.95,0
250,San Rafael,AR,-68.33,-34.61,80.32,10.56,0
251,Aqtobe,KZ,57.21,50.28,33.8,4.47,90
252,Jacareacanga,BR,-57.76,-6.22,82.4,2.24,40
253,Marathon,US,-76.03,42.44,33.8,12.75,90
254,Puerto Escondido,MX,-97.07,15.86,84.2,13.87,5
255,Camacha,PT,-16.33,33.08,60.8,16.11,20
256,Tomatlan,MX,-105.25,19.93,85.45,4.63,0
257,Gizo,SB,156.84,-8.1,84.24,1.16,20
258,Broome,AU,122.23,-17.97,80.6,7.65,0
259,Orebro,SE,15.21,59.27,24.8,3.36,0
260,Klaksvik,FO,-6.59,62.23,41.0,38.03,68
261,Novita,CO,-76.61,4.96,78.57,1.61,80
262,Ancud,CL,-73.83,-41.87,57.37,8.66,100
263,Urengoy,RU,78.37,65.96,-10.04,21.85,24
264,Yumen,CN,97.04,40.29,42.25,9.44,20
265,Colares,PT,-9.45,38.8,58.24,11.41,0
266,Lerwick,GB,-1.15,60.15,39.2,27.51,92
267,Gouyave,GD,-61.73,12.16,82.4,18.34,20
268,Lexington,US,-84.5,38.05,64.71,17.22,1
269,Moindou,NC,165.68,-21.69,77.0,2.24,75
270,Te Anau,NZ,167.72,-45.41,53.1,6.76,32
271,Magadan,RU,150.8,59.56,21.2,17.9,90
272,Najran,SA,44.22,17.54,73.4,4.7,0
273,Uusikaupunki,FI,21.41,60.8,12.2,2.24,0
274,Mokhsogollokh,RU,128.95,61.4,9.13,8.99,0
275,North Bend,US,-124.22,43.41,53.6,11.41,90
276,Mendota,US,-120.38,36.75,62.98,3.96,1
277,Jiangyou,CN,104.73,31.78,44.59,2.51,8
278,Pangoa,PE,-73.0,-12.12,73.39,2.39,56
279,Elizabeth City,US,-76.22,36.3,45.14,8.05,90
280,Khandbari,NP,87.21,27.38,33.12,1.72,0
281,Hay River,CA,-115.79,60.82,5.0,9.17,40
282,Dunedin,NZ,170.5,-45.87,60.07,2.51,0
283,Hualmay,PE,-77.61,-11.1,74.83,4.41,0
284,Zyryanskoye,RU,86.62,56.83,25.6,13.24,76
285,Ballina,AU,153.57,-28.87,74.38,14.81,88
286,Karasjok,NO,25.52,69.47,19.4,4.7,40
287,Bacolod,PH,122.95,10.68,73.62,5.08,56
288,Tunceli,TR,39.55,39.11,55.89,17.22,75
289,Strezhevoy,RU,77.6,60.73,3.2,4.47,0
290,Okhotsk,RU,143.24,59.36,24.57,11.56,80
291,Gerash,IR,54.14,27.67,71.6,1.72,0
292,Sisimiut,GL,-53.67,66.94,0.13,1.72,24
293,Hofn,IS,-15.21,64.25,37.89,30.91,92
294,Lourdes,FR,-0.05,43.09,51.8,16.11,90
295,Santo Tomas,PE,-73.34,-3.8,82.4,6.93,40
296,Baykit,RU,96.39,61.68,20.52,13.24,68
297,Zapolyarnyy,RU,30.82,69.43,23.0,9.17,90
298,Matagami,CA,-77.63,49.76,32.0,16.11,90
299,Pochutla,MX,-96.47,15.74,87.94,11.41,20
300,Vao,NC,167.48,-22.67,80.32,23.53,88
301,Hobyo,SO,48.53,5.35,80.68,12.12,100
302,Shupiyan,IN,74.83,33.72,39.37,1.95,76
303,Mehamn,NO,27.85,71.03,25.38,20.8,75
304,Conceicao do Araguaia,BR,-49.26,-8.26,93.2,4.7,40
305,Labuhan,ID,115.51,-2.54,72.0,2.39,80
306,Wuan,CN,112.0,31.68,62.23,11.45,0
307,Havelock,US,-76.9,34.88,51.57,6.93,90
308,Omboue,GA,9.26,-1.57,82.57,8.88,80
309,Ahuimanu,US,-157.84,21.44,77.0,4.7,1
310,Konakovo,RU,36.78,56.71,13.72,2.95,64
311,Udachnyy,RU,112.4,66.42,-1.58,3.51,0
312,Saint-Augustin,CA,-73.98,45.63,45.19,11.41,90
313,Kosonsoy,UZ,71.55,41.25,53.6,4.7,40
314,Gboko,NG,9.0,7.32,83.07,13.02,0
315,Los Llanos de Aridane,ES,-17.92,28.66,64.4,13.87,75
316,At-Bashi,KG,75.81,41.17,24.61,3.18,44
317,Kenai,US,-151.26,60.55,30.24,6.93,90
318,Iqaluit,CA,-68.52,63.75,1.4,5.82,20
319,Acapulco,MX,-99.88,16.86,82.4,12.75,40
320,El Limon,VE,-67.63,10.3,87.8,8.05,40
321,Gourcy,BF,-2.36,13.21,80.55,8.21,8
322,Fort Nelson,CA,-122.69,58.81,19.4,6.93,75
323,Lafia,NG,8.51,8.5,82.35,12.46,8
324,Stromness,GB,-3.3,58.97,40.17,26.4,92
325,Biak,ID,122.88,-0.91,76.45,2.28,36
326,Piacabucu,BR,-36.43,-10.41,80.32,12.91,92
327,Namtsy,RU,129.66,62.72,7.47,12.46,0
328,Chingirlau,KZ,54.08,51.09,32.94,6.31,92
329,Araouane,ML,-3.53,18.9,75.87,9.78,68
330,Belyy Yar,RU,91.39,53.6,32.0,13.42,0
331,Moron de la Frontera,ES,-5.45,37.12,60.75,3.36,0
332,Usinsk,RU,57.56,66.0,6.16,12.01,76
333,Kisanga,TZ,32.88,-5.57,63.85,2.73,68
334,Cascavel,BR,-53.44,-24.96,67.18,4.18,92
335,Papetoai,PF,-149.87,-17.5,87.8,16.11,75
336,Srednekolymsk,RU,153.71,67.46,-3.02,1.5,12
337,Pocatello,US,-112.44,42.87,48.2,18.34,1
338,Padang,ID,100.36,-0.92,77.08,4.52,80
339,Easton,US,-75.21,40.69,44.44,9.17,40
340,Nemuro,JP,145.57,43.32,38.29,18.72,0
341,Williams Lake,CA,-122.14,52.13,48.2,14.99,75
342,La Palma,PA,-78.14,8.4,88.78,9.33,20
343,Novyy Urgal,RU,132.56,51.07,31.99,11.45,92
344,Glace Bay,CA,-59.96,46.2,35.6,18.34,40
345,Minab,IR,57.07,27.15,71.6,4.7,0
346,Fuerte Olimpo,PY,-57.87,-21.04,75.28,8.77,88
347,Grimshaw,CA,-117.61,56.19,17.6,10.29,75
348,Ransang,PH,117.58,8.96,76.36,3.74,48
349,Cicero Dantas,BR,-38.38,-10.6,78.07,11.23,88
350,Codajas,BR,-62.06,-3.84,87.84,3.62,0
351,Talnakh,RU,88.39,69.49,6.43,7.99,68
352,Beihai,CN,121.19,38.95,59.0,4.47,0
353,Mercedes,AR,-58.08,-29.18,74.79,4.52,44
354,Kautokeino,NO,23.04,69.01,14.26,3.96,64
355,Kahului,US,-156.47,20.89,75.63,19.46,40
356,Isangel,VU,169.27,-19.55,80.23,23.09,92
357,Sabzevar,IR,57.68,36.21,49.32,2.39,0
358,Dedougou,BF,-3.47,12.47,80.37,7.65,8
359,Nome,US,-94.42,30.04,76.95,14.99,90
360,El Penon,DO,-71.18,18.3,87.8,19.46,40
361,Arlit,NE,7.39,18.74,67.54,7.43,0
362,Brodick,GB,-5.15,55.58,41.54,11.41,40
363,Hasaki,JP,140.83,35.73,46.69,2.24,75
364,Cayenne,GF,-52.33,4.94,82.4,12.75,75
365,Safakulevo,RU,62.54,54.99,19.8,8.43,8
366,Puerto del Rosario,ES,-13.86,28.5,68.18,12.75,75
367,Beloha,MG,45.06,-25.17,74.79,11.45,44
368,Kropotkin,RU,40.58,45.43,46.66,12.12,44
369,Aksu,CN,80.26,41.12,44.59,2.62,64
370,Kiama,AU,150.86,-34.67,51.8,1.12,20
371,Marevo,RU,32.08,57.31,8.59,2.95,0
372,Namatanai,PG,152.44,-3.66,82.3,4.18,76
373,Maniitsoq,GL,-52.9,65.42,7.42,6.08,68
374,Tahoua,NE,5.26,14.89,80.41,12.01,12
375,Kosjeric,RS,19.91,44.0,34.97,6.93,0
376,Candido de Abreu,BR,-51.33,-24.57,71.23,2.73,88
377,Toul,FR,5.89,48.68,44.6,12.75,90
378,Bangassou,CF,22.82,4.74,71.37,2.73,0
379,Katsuura,JP,134.5,33.93,44.05,2.39,0
380,Gornyy,RU,48.54,51.76,36.27,14.92,92
381,Alto Longa,BR,-42.21,-5.25,82.84,4.85,44
382,Sinnamary,GF,-52.96,5.38,80.14,13.24,24
383,Komsomolskiy,RU,63.78,67.55,-13.69,13.8,36
384,San Vicente,PH,122.87,14.11,78.88,18.5,24
385,Hovd,MN,91.64,48.01,23.8,3.96,8
386,Mabaruma,GY,-59.78,8.2,80.37,8.66,80
387,Manbij,SY,37.96,36.53,50.0,2.24,0
388,Yatou,CN,104.32,33.81,35.59,1.61,32
389,Lewisporte,CA,-55.06,49.25,44.6,9.17,20
390,Yerbogachen,RU,108.01,61.28,15.07,6.2,64
391,Nantucket,US,-70.1,41.28,42.8,20.8,1
392,Iquique,CL,-70.14,-20.22,71.6,10.29,90
393,Praia da Vitoria,PT,-27.07,38.73,62.6,16.71,40
394,Mandera,KE,41.87,3.94,85.5,11.23,12
395,Muisne,EC,-80.02,0.61,76.32,4.74,92
396,Quatre Cocos,MU,57.76,-20.21,75.2,5.82,20
397,Porbandar,IN,69.61,21.64,73.17,8.21,0
398,Shelburne,CA,-80.2,44.08,38.57,11.41,90
399,Guaimaca,HN,-86.82,14.53,82.4,18.34,40
400,Jiayuguan,CN,98.29,39.77,30.28,0.72,0
401,Obo,CF,26.49,5.39,77.26,10.78,8
402,Muncar,ID,114.34,-8.43,80.1,6.2,92
403,Genhe,CN,121.52,50.78,19.03,7.76,0
404,Qaqortoq,GL,-46.03,60.72,24.8,2.24,40
405,Snezhnogorsk,RU,33.23,69.19,19.4,2.24,40
406,Amboasary,MG,46.38,-25.04,77.0,11.41,40
407,Pangnirtung,CA,-65.72,66.15,-2.21,16.11,20
408,Pemba,MZ,40.52,-12.97,80.6,5.41,20
409,Sampit,ID,112.95,-2.54,71.68,3.18,88
410,Albert,FR,2.65,50.0,48.2,17.22,90
411,Krasnyy Chikoy,RU,108.75,50.36,21.46,2.28,88
412,Praya,ID,116.27,-8.71,77.0,3.36,90
413,Masuguru,TZ,38.42,-11.37,77.98,6.98,48
414,Hargeysa,SO,44.06,9.56,54.49,2.51,0
415,Parksville,CA,-124.32,49.32,51.13,10.29,75
416,Dryden,CA,-92.84,49.79,39.2,16.11,1
417,Lethem,GY,-59.8,3.38,94.0,16.82,0
418,Pavilosta,LV,21.19,56.89,25.74,3.36,32
419,Barentu,ER,37.59,15.11,67.63,5.86,0
420,Morondava,MG,44.28,-20.3,83.47,7.43,0
421,Port Lincoln,AU,135.86,-34.72,61.92,8.66,24
422,Yilan,CN,129.52,43.11,56.79,9.1,56
423,Lahan,NP,86.48,26.71,62.32,3.06,12
424,Oudtshoorn,ZA,22.2,-33.59,64.4,4.7,0
425,Killarney,CA,-99.66,49.18,35.6,12.75,1
426,Herten,DE,7.14,51.59,43.39,9.17,92
427,Novikovo,RU,37.89,51.15,31.36,7.76,76
428,Sao Caetano de Odivelas,BR,-48.02,-0.75,81.58,9.1,12
429,El Salto,MX,-103.18,20.52,84.2,9.17,5
430,Porto Novo,CV,-25.06,17.02,69.8,26.4,20
431,Sandakan,MY,118.12,5.84,75.2,5.82,75
432,Coahuayana,MX,-100.35,18.62,88.47,3.06,0
433,Kalemie,CD,29.2,-5.95,76.05,3.4,12
434,Fairbanks,US,-147.72,64.84,18.28,6.64,1
435,Petropavlovka,RU,105.32,50.61,15.07,2.73,0
436,Lumeje,AO,20.78,-11.56,66.87,3.74,12
437,Tecoanapa,MX,-99.26,16.99,82.4,12.75,40
438,Bandarbeyla,SO,50.81,9.49,79.15,12.46,0
439,Mezen,RU,44.24,65.85,15.61,7.99,76
440,Tokur,RU,132.9,53.13,21.6,6.87,80
441,Hvide Sande,DK,8.13,56.01,34.68,14.99,80
442,Maceio,BR,-35.74,-9.67,80.6,11.41,20
443,Luis Correia,BR,-41.67,-2.88,86.0,11.41,20
444,Udimskiy,RU,45.92,61.14,3.64,2.73,64
445,Vila Velha,BR,-38.6,-3.71,82.4,5.82,75
446,Khandagayty,RU,92.05,50.73,11.25,2.06,0
447,Mitsamiouli,KM,43.28,-11.38,80.64,2.39,0
448,San Cristobal,EC,-79.44,-1.02,65.38,2.95,80
449,Tazovskiy,RU,78.7,67.47,-10.22,25.32,68
450,Lakes Entrance,AU,147.99,-37.88,60.07,4.74,88
451,Kingston,US,-70.72,41.99,44.58,6.93,1
452,Nouadhibou,MR,-17.03,20.93,64.4,16.11,0
453,Mackenzie,CA,-123.09,55.34,42.8,11.41,90
454,Lashio,MM,97.75,22.93,59.17,2.39,80
455,Kieta,PG,155.63,-6.22,80.1,3.4,24
456,Burnie,AU,145.91,-41.05,64.44,23.31,76
457,Baneh,IR,45.88,35.99,51.8,3.36,0
458,Novokruchininskiy,RU,113.77,51.78,24.8,4.47,0
459,Albert Town,JM,-77.54,18.29,84.2,21.92,20
460,Alta Floresta,BR,-56.08,-9.87,81.04,2.17,76
461,Tairua,NZ,175.85,-37.02,66.91,2.73,44
462,Breytovo,RU,37.86,58.3,7.69,3.18,36
463,Icod de los Vinos,ES,-16.71,28.37,63.81,5.82,20
464,San Luis,PE,-77.33,-9.09,49.77,1.95,88
465,Point Pedro,LK,80.23,9.82,79.74,9.22,36
466,Kodinsk,RU,99.18,58.6,26.5,8.66,64
467,Wagar,SD,36.2,16.15,83.47,13.8,0
468,Vazante,BR,-46.9,-17.99,81.45,4.18,24
469,Bubaque,GW,-15.83,11.28,84.2,2.24,92
470,Tautira,PF,-149.15,-17.73,87.8,16.11,75
471,Baependi,BR,-44.89,-21.96,63.94,1.61,32
472,Port Augusta,AU,137.76,-32.49,57.2,4.7,0
473,Ostrovnoy,RU,39.51,68.05,15.88,13.69,48
474,Weligama,LK,80.42,5.97,77.08,3.18,32
475,Bilma,NE,12.92,18.69,78.57,12.12,0
476,Limoeiro do Ajuru,BR,-49.38,-1.9,83.02,3.29,20
477,Kochi,IN,76.25,9.96,82.4,1.12,40
478,Flinders,AU,150.85,-34.58,51.8,1.12,20
479,Oyugis,KE,34.73,-0.51,59.35,2.62,56
480,Jiujiang,CN,115.99,29.73,53.19,3.18,0
481,Calvinia,ZA,19.78,-31.47,57.91,3.4,0
482,Amfiklia,GR,22.59,38.64,55.4,5.82,20
483,Aykhal,RU,111.51,65.95,-6.94,3.96,0
484,Havre-Saint-Pierre,CA,-63.6,50.23,33.8,10.29,20
485,Fortuna,US,-124.16,40.6,55.94,17.22,90
486,Champasak,LA,105.88,14.89,71.86,2.73,12
487,Xining,CN,101.77,36.62,19.89,0.94,0
488,Liverpool,CA,-64.71,44.04,39.37,28.57,0
489,Duzce,TR,31.16,40.84,41.49,1.95,0
490,Westport,IE,-9.52,53.8,42.52,9.1,80
491,Beringovskiy,RU,179.32,63.05,9.31,8.43,0
492,Tura,RU,100.22,64.27,19.8,7.09,76
493,Woodstock,CA,-80.75,43.13,40.3,16.11,90
494,Finschhafen,PG,147.85,-6.6,73.75,2.62,20
495,Bathsheba,BB,-59.52,13.22,84.2,12.75,20
496,Shangrao,CN,117.97,28.45,43.33,2.17,0
497,Pilar,PH,120.6,17.42,61.2,2.73,8
498,Anzio,IT,12.63,41.45,48.25,2.24,0
499,Valparaiso,CL,-71.63,-33.04,66.96,11.41,0
500,Pontian Kecil,MY,103.39,1.48,75.67,3.74,75
501,Pokhara,NP,83.99,28.21,54.27,4.85,0
502,Robertsport,LR,-11.37,6.75,80.41,6.87,8
503,Sukhobuzimskoye,RU,93.28,56.5,32.0,6.71,0
504,Kosikha,RU,84.58,53.36,24.34,8.77,0
505,Muzhi,RU,64.7,65.4,-15.08,3.74,0
